airline,date_of_journey,source,destination,dep_time,arrival_time,duration,total_stops,additional_info,price
Indigo,2019-03-27,Mumbai,Hyderabad,19:05:00,20:30:00,85,0.0,No Info,2754
Jet Airways,2019-05-06,Kolkata,Banglore,14:05:00,19:50:00,345,1.0,No Info,14781
Indigo,2019-03-21,Kolkata,Banglore,21:25:00,00:05:00,160,0.0,No Info,4148
Multiple Carriers,2019-03-27,Delhi,Cochin,09:45:00,22:20:00,755,1.0,No Info,6601
Air Asia,2019-06-09,Kolkata,Banglore,15:10:00,23:30:00,500,2.0,No Info,7870
Indigo,2019-03-01,Banglore,New Delhi,07:30:00,12:20:00,290,1.0,No Info,8110
Multiple Carriers,2019-06-01,Delhi,Cochin,04:55:00,12:35:00,460,1.0,No Info,11098
Spicejet,2019-05-03,Kolkata,Banglore,09:00:00,11:25:00,145,0.0,No check-in baggage included,3841
Air India,2019-03-18,Mumbai,Hyderabad,21:05:00,22:25:00,80,0.0,No Info,2050
Multiple Carriers,2019-06-27,Delhi,Cochin,10:00:00,01:30:00,930,1.0,No Info,13377
Multiple Carriers,2019-06-09,Delhi,Cochin,07:05:00,21:00:00,835,1.0,No Info,13587
Air India,2019-03-03,Banglore,New Delhi,06:45:00,10:35:00,1670,2.0,No Info,12358
Multiple Carriers,2019-04-09,Delhi,Cochin,08:00:00,19:00:00,660,1.0,No Info,11142
Vistara,2019-03-15,Chennai,Kolkata,07:05:00,09:20:00,135,0.0,No Info,6627
Jet Airways,2019-06-03,Delhi,Cochin,16:00:00,19:00:00,1620,1.0,No Info,14714
Multiple Carriers,2019-03-21,Delhi,Cochin,08:25:00,18:50:00,625,1.0,No Info,13069
Jet Airways,2019-03-24,Kolkata,Banglore,16:55:00,09:15:00,980,1.0,In-flight meal not included,11134
Air India,2019-05-01,Kolkata,Banglore,07:00:00,05:25:00,1345,2.0,No Info,14424
Indigo,2019-04-09,Kolkata,Banglore,15:15:00,20:05:00,290,1.0,No Info,4268
Jet Airways,2019-05-21,Delhi,Cochin,21:50:00,04:25:00,395,1.0,No Info,16079
Jet Airways,2019-03-27,Delhi,Cochin,23:05:00,04:25:00,320,1.0,In-flight meal not included,7438
Jet Airways,2019-05-18,Kolkata,Banglore,08:25:00,09:20:00,1495,1.0,In-flight meal not included,9663
Jet Airways,2019-03-21,Delhi,Cochin,06:20:00,04:25:00,1325,2.0,No Info,11538
Indigo,2019-03-18,Kolkata,Banglore,15:20:00,17:55:00,155,0.0,No Info,4462
Goair,2019-06-09,Kolkata,Banglore,23:30:00,07:45:00,495,1.0,No Info,6354
Air India,2019-05-12,Kolkata,Banglore,12:00:00,07:55:00,1195,2.0,No Info,10676
Multiple Carriers,2019-03-03,Delhi,Cochin,15:25:00,01:35:00,610,1.0,No Info,15147
Indigo,2019-03-24,Kolkata,Banglore,15:10:00,20:15:00,305,1.0,No Info,6762
Jet Airways,2019-05-24,Mumbai,Hyderabad,19:35:00,21:05:00,90,0.0,No Info,5678
Air India,2019-03-24,Banglore,New Delhi,17:00:00,19:45:00,165,0.0,No Info,5176
Jet Airways,2019-05-06,Kolkata,Banglore,14:05:00,23:35:00,570,1.0,No Info,15149
Multiple Carriers,2019-03-03,Delhi,Cochin,09:45:00,16:10:00,385,1.0,No Info,11265
Vistara,2019-05-09,Kolkata,Banglore,07:10:00,09:05:00,1555,1.0,No Info,9187
Indigo,2019-04-06,Banglore,Delhi,13:00:00,15:50:00,170,0.0,No Info,4423
Jet Airways,2019-05-15,Banglore,Delhi,18:55:00,22:00:00,185,0.0,In-flight meal not included,4030
Spicejet,2019-05-24,Chennai,Kolkata,09:45:00,12:00:00,135,0.0,No check-in baggage included,3543
Air India,2019-03-21,Banglore,New Delhi,11:50:00,23:55:00,725,1.0,No Info,5092
Indigo,2019-05-27,Banglore,Delhi,07:10:00,10:05:00,175,0.0,No Info,4823
Spicejet,2019-06-15,Kolkata,Banglore,22:20:00,00:40:00,140,0.0,No Info,3873
Air India,2019-03-24,Mumbai,Hyderabad,19:30:00,20:45:00,75,0.0,No Info,2575
Spicejet,2019-06-27,Delhi,Cochin,08:45:00,13:15:00,270,1.0,No check-in baggage included,4760
Jet Airways,2019-04-01,Kolkata,Banglore,08:25:00,20:45:00,740,1.0,In-flight meal not included,7064
Jet Airways,2019-05-09,Kolkata,Banglore,06:30:00,19:50:00,800,1.0,No Info,14781
Indigo,2019-06-03,Delhi,Cochin,05:10:00,10:05:00,295,1.0,No Info,6842
Air India,2019-06-09,Delhi,Cochin,21:00:00,19:15:00,1335,1.0,No Info,8372
Multiple Carriers,2019-05-21,Delhi,Cochin,18:00:00,01:30:00,450,1.0,No Info,7888
Jet Airways,2019-04-06,Delhi,Cochin,02:15:00,19:00:00,1005,1.0,In-flight meal not included,5177
Spicejet,2019-05-18,Kolkata,Banglore,15:05:00,20:20:00,315,1.0,No Info,4963
Multiple Carriers,2019-03-03,Delhi,Cochin,11:30:00,01:35:00,845,1.0,No Info,18286
Jet Airways,2019-05-24,Kolkata,Banglore,20:00:00,10:05:00,845,1.0,In-flight meal not included,8586
Air India,2019-05-18,Delhi,Cochin,17:15:00,07:40:00,865,2.0,No Info,12199
Indigo,2019-03-18,Kolkata,Banglore,17:15:00,19:55:00,160,0.0,No Info,4462
Jet Airways,2019-03-09,Delhi,Cochin,13:55:00,04:25:00,870,2.0,No Info,17229
Indigo,2019-03-06,Chennai,Kolkata,13:20:00,15:35:00,135,0.0,No Info,7295
Jet Airways,2019-05-21,Delhi,Cochin,21:50:00,12:35:00,885,1.0,In-flight meal not included,12898
Air India,2019-05-24,Kolkata,Banglore,12:00:00,07:55:00,1195,2.0,No Info,9416
Multiple Carriers,2019-06-27,Delhi,Cochin,15:00:00,01:30:00,630,1.0,No Info,13377
Goair,2019-06-24,Delhi,Cochin,14:25:00,19:35:00,310,1.0,No Info,7870
Jet Airways,2019-06-12,Delhi,Cochin,07:05:00,12:35:00,330,1.0,No Info,16289
Air India,2019-05-01,Kolkata,Banglore,16:45:00,12:30:00,1185,2.0,No Info,14960
Multiple Carriers,2019-05-27,Delhi,Cochin,11:25:00,19:15:00,470,1.0,No Info,8625
Jet Airways,2019-05-06,Kolkata,Banglore,18:55:00,04:40:00,585,1.0,No Info,13941
Indigo,2019-05-24,Banglore,Delhi,18:55:00,21:50:00,175,0.0,No Info,4823
Jet Airways,2019-05-01,Kolkata,Banglore,08:25:00,19:50:00,685,1.0,No Info,14781
Air India,2019-06-06,Kolkata,Banglore,08:20:00,21:50:00,810,2.0,No Info,10697
Jet Airways,2019-04-15,Banglore,Delhi,15:15:00,18:10:00,175,0.0,In-flight meal not included,4544
Jet Airways,2019-06-09,Delhi,Cochin,18:15:00,19:00:00,1485,1.0,In-flight meal not included,10577
Air Asia,2019-06-09,Kolkata,Banglore,22:40:00,10:40:00,720,1.0,No Info,11323
Multiple Carriers,2019-03-06,Delhi,Cochin,15:05:00,01:35:00,630,2.0,No Info,21483
Spicejet,2019-06-27,Delhi,Cochin,06:05:00,11:20:00,315,1.0,No Info,5583
Multiple Carriers,2019-03-27,Delhi,Cochin,09:00:00,21:00:00,720,1.0,No Info,6883
Indigo,2019-03-09,Delhi,Cochin,04:55:00,16:10:00,675,1.0,No Info,6171
Spicejet,2019-06-18,Chennai,Kolkata,08:20:00,10:35:00,135,0.0,No check-in baggage included,3543
Jet Airways,2019-06-15,Mumbai,Hyderabad,02:55:00,04:20:00,85,0.0,No Info,5678
Jet Airways,2019-05-21,Delhi,Cochin,19:45:00,04:25:00,520,1.0,No Info,16079
Indigo,2019-05-27,Banglore,Delhi,16:55:00,19:55:00,180,0.0,No Info,4823
Air India,2019-06-12,Kolkata,Banglore,09:50:00,08:55:00,1385,2.0,No Info,14960
Indigo,2019-06-03,Delhi,Cochin,07:30:00,21:00:00,810,1.0,No Info,6093
Multiple Carriers,2019-06-15,Delhi,Cochin,18:15:00,01:30:00,435,1.0,No Info,13377
Indigo,2019-06-06,Kolkata,Banglore,11:30:00,14:05:00,155,0.0,No Info,5224
Jet Airways,2019-05-27,Delhi,Cochin,09:00:00,19:00:00,600,1.0,No Info,16079
Spicejet,2019-03-09,Chennai,Kolkata,09:30:00,12:05:00,155,0.0,No Info,6300
Jet Airways,2019-04-01,Banglore,Delhi,07:10:00,10:10:00,180,0.0,No Info,7229
Indigo,2019-05-01,Kolkata,Banglore,08:10:00,13:00:00,290,1.0,No Info,5069
Air India,2019-04-21,Delhi,Cochin,06:10:00,23:00:00,1010,1.0,No Info,7174
Spicejet,2019-05-21,Kolkata,Banglore,06:55:00,09:30:00,155,0.0,No Info,3873
Jet Airways,2019-06-15,Delhi,Cochin,11:00:00,14:15:00,195,0.0,No Info,9564
Air Asia,2019-06-15,Kolkata,Banglore,19:55:00,22:25:00,150,0.0,No Info,4107
Indigo,2019-05-21,Banglore,Delhi,07:10:00,10:05:00,175,0.0,No Info,4823
Air India,2019-06-15,Kolkata,Banglore,14:15:00,16:45:00,150,0.0,No Info,5510
Indigo,2019-04-03,Banglore,Delhi,08:30:00,11:20:00,170,0.0,No Info,4823
Multiple Carriers,2019-03-03,Delhi,Cochin,16:00:00,01:35:00,575,1.0,No Info,21226
Jet Airways,2019-06-01,Delhi,Cochin,17:30:00,19:00:00,1530,1.0,No Info,14714
Jet Airways,2019-03-03,Delhi,Cochin,02:15:00,04:25:00,1570,1.0,No Info,17024
Air India,2019-05-24,Kolkata,Banglore,09:50:00,21:05:00,675,1.0,No Info,7662
Jet Airways,2019-06-09,Kolkata,Banglore,18:55:00,04:40:00,585,1.0,No Info,14178
Jet Airways,2019-06-09,Kolkata,Banglore,14:05:00,23:35:00,570,1.0,No Info,14571
Jet Airways,2019-03-06,Delhi,Cochin,09:55:00,18:50:00,535,1.0,In-flight meal not included,15400
Air India,2019-03-03,Delhi,Cochin,07:05:00,19:15:00,2170,2.0,No Info,11762
Multiple Carriers,2019-06-03,Delhi,Cochin,06:00:00,21:00:00,900,1.0,No Info,8475
Spicejet,2019-05-21,Kolkata,Banglore,08:35:00,17:15:00,520,1.0,No Info,6381
Jet Airways,2019-06-03,Delhi,Cochin,21:25:00,12:35:00,910,2.0,No Info,13292
Indigo,2019-06-27,Delhi,Cochin,07:15:00,12:30:00,315,1.0,No Info,6582
Spicejet,2019-05-01,Kolkata,Banglore,09:00:00,11:25:00,145,0.0,No Info,4174
Jet Airways,2019-05-06,Kolkata,Banglore,20:25:00,22:05:00,1540,1.0,In-flight meal not included,9314
Multiple Carriers,2019-03-06,Delhi,Cochin,11:30:00,19:15:00,465,1.0,In-flight meal not included,15342
Air India,2019-03-06,Delhi,Cochin,17:40:00,08:15:00,875,1.0,No Info,11038
Jet Airways,2019-06-24,Delhi,Cochin,17:35:00,19:00:00,1525,2.0,No Info,13922
Jet Airways,2019-06-24,Delhi,Cochin,11:00:00,14:15:00,195,0.0,No Info,9564
Jet Airways,2019-06-09,Delhi,Cochin,11:45:00,04:25:00,1000,2.0,No Info,13882
Jet Airways,2019-06-18,Mumbai,Hyderabad,19:35:00,21:05:00,90,0.0,No Info,5678
Jet Airways,2019-06-12,Kolkata,Banglore,21:10:00,09:20:00,730,1.0,No Info,13044
Jet Airways,2019-03-21,Banglore,New Delhi,18:40:00,07:40:00,780,1.0,In-flight meal not included,7832
Air India,2019-05-15,Kolkata,Banglore,16:45:00,12:30:00,1185,2.0,No Info,14960
Jet Airways,2019-03-24,Kolkata,Banglore,21:10:00,18:10:00,1260,1.0,In-flight meal not included,10031
Indigo,2019-04-18,Delhi,Cochin,14:20:00,17:35:00,195,0.0,No Info,6015
Spicejet,2019-05-06,Kolkata,Banglore,09:00:00,11:25:00,145,0.0,No check-in baggage included,3841
Multiple Carriers,2019-03-27,Delhi,Cochin,10:00:00,18:50:00,530,1.0,No Info,11667
Jet Airways,2019-06-12,Kolkata,Banglore,09:35:00,22:05:00,750,1.0,No Info,12692
Jet Airways,2019-06-06,Mumbai,Hyderabad,02:55:00,04:20:00,85,0.0,In-flight meal not included,4050
Indigo,2019-03-03,Delhi,Cochin,18:35:00,01:35:00,420,1.0,No Info,14871
Jet Airways,2019-05-24,Kolkata,Banglore,09:35:00,23:35:00,840,1.0,No Info,14151
Jet Airways,2019-06-24,Delhi,Cochin,09:35:00,04:25:00,1130,2.0,No Info,13292
Air Asia,2019-03-15,Kolkata,Banglore,10:20:00,12:55:00,155,0.0,No Info,4384
Jet Airways,2019-05-21,Kolkata,Banglore,16:30:00,04:40:00,730,1.0,In-flight meal not included,9663
Indigo,2019-03-24,Kolkata,Banglore,17:35:00,22:15:00,280,1.0,No Info,6933
Air India,2019-05-27,Delhi,Cochin,09:00:00,19:15:00,615,1.0,No Info,9929
Spicejet,2019-03-06,Mumbai,Hyderabad,14:10:00,22:25:00,495,1.0,No Info,13552
Indigo,2019-05-15,Banglore,Delhi,22:10:00,01:00:00,170,0.0,No Info,3419
Jet Airways,2019-03-06,Banglore,New Delhi,22:50:00,20:20:00,1290,1.0,No Info,17471
Jet Airways,2019-06-01,Delhi,Cochin,09:40:00,04:25:00,1125,2.0,No Info,13014
Air India,2019-03-03,Delhi,Cochin,17:15:00,19:15:00,1560,2.0,No Info,13442
Indigo,2019-03-27,Delhi,Cochin,14:20:00,22:20:00,480,1.0,No Info,6938
Indigo,2019-05-27,Delhi,Cochin,16:00:00,21:00:00,300,1.0,No Info,5054
Spicejet,2019-05-24,Kolkata,Banglore,15:05:00,20:20:00,315,1.0,No Info,4649
Multiple Carriers,2019-06-03,Delhi,Cochin,07:30:00,19:00:00,690,1.0,No Info,10877
Spicejet,2019-03-01,Kolkata,Banglore,17:15:00,19:45:00,150,0.0,No Info,5515
Indigo,2019-06-09,Chennai,Kolkata,11:35:00,14:00:00,145,0.0,No Info,3858
Spicejet,2019-05-18,Delhi,Cochin,15:45:00,22:05:00,380,1.0,No Info,7317
Spicejet,2019-06-12,Mumbai,Hyderabad,05:45:00,07:15:00,90,0.0,No Info,2753
Indigo,2019-06-24,Mumbai,Hyderabad,19:05:00,20:35:00,90,0.0,No Info,2754
Jet Airways,2019-03-21,Banglore,New Delhi,05:45:00,15:15:00,570,1.0,In-flight meal not included,7832
Indigo,2019-04-15,Banglore,Delhi,20:00:00,22:50:00,170,0.0,No Info,4823
Air Asia,2019-03-09,Delhi,Cochin,20:10:00,07:10:00,660,1.0,No Info,8327
Multiple Carriers,2019-03-03,Delhi,Cochin,04:00:00,13:20:00,560,1.0,No Info,14973
Jet Airways,2019-03-06,Banglore,New Delhi,05:45:00,16:10:00,625,1.0,No Info,16736
Multiple Carriers,2019-06-27,Delhi,Cochin,14:00:00,01:30:00,690,1.0,No Info,13377
Multiple Carriers,2019-03-06,Delhi,Cochin,09:10:00,19:15:00,605,1.0,No Info,15077
Jet Airways,2019-06-09,Delhi,Cochin,06:45:00,12:35:00,1790,2.0,No Info,13376
Jet Airways,2019-06-12,Delhi,Cochin,09:00:00,12:35:00,1655,1.0,In-flight meal not included,10262
Jet Airways,2019-06-01,Delhi,Cochin,14:00:00,12:35:00,1355,1.0,In-flight meal not included,10262
Air India,2019-03-12,Mumbai,Hyderabad,21:00:00,19:25:00,1345,1.0,No Info,10943
Jet Airways,2019-03-21,Mumbai,Hyderabad,07:10:00,08:35:00,85,0.0,No Info,8040
Jet Airways,2019-03-09,Banglore,New Delhi,08:00:00,09:30:00,1530,1.0,In-flight meal not included,11087
Air Asia,2019-05-27,Delhi,Cochin,07:55:00,22:25:00,870,1.0,No Info,6152
Air India,2019-05-15,Delhi,Cochin,17:20:00,09:25:00,965,1.0,No Info,7480
Indigo,2019-06-03,Delhi,Cochin,11:25:00,21:00:00,575,1.0,No Info,6093
Spicejet,2019-05-09,Kolkata,Banglore,06:55:00,09:30:00,155,0.0,No check-in baggage included,3841
Jet Airways,2019-06-06,Delhi,Cochin,16:00:00,04:25:00,745,1.0,In-flight meal not included,10262
Jet Airways,2019-05-15,Kolkata,Banglore,21:10:00,10:05:00,775,1.0,In-flight meal not included,11841
Spicejet,2019-05-12,Kolkata,Banglore,15:55:00,21:25:00,330,1.0,No Info,8844
Multiple Carriers,2019-03-09,Delhi,Cochin,18:15:00,01:35:00,440,1.0,In-flight meal not included,14086
Indigo,2019-04-21,Kolkata,Banglore,15:30:00,18:05:00,155,0.0,No Info,4804
Air India,2019-03-01,Banglore,New Delhi,08:50:00,23:25:00,2315,2.0,No Info,25430
Indigo,2019-03-21,Delhi,Cochin,08:25:00,15:30:00,425,1.0,No Info,9709
Air India,2019-05-21,Kolkata,Banglore,05:50:00,20:25:00,875,2.0,No Info,12303
Jet Airways,2019-03-24,Kolkata,Banglore,18:55:00,16:20:00,1285,1.0,No Info,14231
Jet Airways,2019-03-12,Banglore,New Delhi,20:35:00,20:20:00,1425,1.0,In-flight meal not included,11087
Indigo,2019-04-03,Delhi,Cochin,02:00:00,07:25:00,325,1.0,No Info,4744
Indigo,2019-05-09,Kolkata,Banglore,22:15:00,00:50:00,155,0.0,No Info,4804
Spicejet,2019-06-12,Kolkata,Banglore,17:10:00,19:40:00,150,0.0,No Info,4174
Air India,2019-06-18,Banglore,Delhi,17:00:00,19:50:00,170,0.0,No Info,6961
Air India,2019-05-24,Kolkata,Banglore,14:15:00,16:45:00,150,0.0,No Info,5510
Multiple Carriers,2019-03-06,Delhi,Cochin,07:10:00,21:20:00,850,2.0,In-flight meal not included,7731
Jet Airways,2019-05-18,Delhi,Cochin,19:30:00,12:35:00,1025,2.0,In-flight meal not included,10368
Multiple Carriers,2019-06-15,Delhi,Cochin,13:00:00,21:00:00,480,1.0,No Info,7408
Jet Airways,2019-03-24,Kolkata,Banglore,19:45:00,18:10:00,1345,1.0,In-flight meal not included,10031
Multiple Carriers,2019-06-09,Delhi,Cochin,03:50:00,19:00:00,910,1.0,No Info,12192
Multiple Carriers,2019-03-27,Delhi,Cochin,10:20:00,18:50:00,510,1.0,No Info,11421
Air India,2019-05-01,Kolkata,Banglore,05:50:00,12:30:00,1840,2.0,No Info,12723
Air India,2019-06-09,Mumbai,Hyderabad,21:05:00,22:25:00,80,0.0,No Info,3100
Multiple Carriers,2019-05-15,Delhi,Cochin,13:00:00,21:00:00,480,1.0,No Info,13727
Air India,2019-05-15,Delhi,Cochin,05:00:00,07:40:00,1600,2.0,No Info,11281
Vistara,2019-06-06,Kolkata,Banglore,20:20:00,23:25:00,1625,1.0,No Info,9345
Multiple Carriers,2019-05-27,Delhi,Cochin,06:00:00,19:15:00,795,1.0,No Info,10786
Air India,2019-04-27,Delhi,Cochin,05:15:00,06:50:00,1535,1.0,No Info,6587
Multiple Carriers,2019-06-27,Delhi,Cochin,09:15:00,19:15:00,600,1.0,No Info,8099
Multiple Carriers,2019-03-01,Delhi,Cochin,00:20:00,15:30:00,910,1.0,No Info,23170
Air India,2019-03-03,Banglore,New Delhi,06:55:00,13:20:00,385,1.0,No Info,10924
Jet Airways,2019-06-15,Banglore,Delhi,15:15:00,18:10:00,175,0.0,No Info,8016
Indigo,2019-05-03,Banglore,Delhi,07:10:00,10:05:00,175,0.0,No Info,4823
Jet Airways,2019-06-09,Delhi,Cochin,09:40:00,19:00:00,560,2.0,No Info,13014
Jet Airways,2019-05-12,Banglore,Delhi,17:45:00,20:45:00,180,0.0,No Info,7229
Indigo,2019-05-01,Kolkata,Banglore,19:20:00,23:45:00,265,1.0,No Info,3809
Indigo,2019-06-06,Banglore,Delhi,18:25:00,21:20:00,175,0.0,No Info,4823
Spicejet,2019-06-01,Kolkata,Banglore,17:10:00,19:40:00,150,0.0,No Info,4174
Multiple Carriers,2019-06-12,Delhi,Cochin,13:00:00,01:30:00,750,1.0,No Info,13377
Multiple Carriers,2019-05-09,Delhi,Cochin,11:40:00,01:30:00,830,1.0,No Info,9021
Jet Airways,2019-05-09,Delhi,Cochin,05:30:00,19:00:00,810,2.0,In-flight meal not included,13029
Air India,2019-05-18,Delhi,Cochin,12:55:00,19:15:00,1820,2.0,No Info,13696
Indigo,2019-06-27,Delhi,Cochin,05:05:00,16:10:00,665,1.0,No Info,6442
Indigo,2019-05-06,Banglore,Delhi,13:00:00,15:50:00,170,0.0,No Info,3943
Air India,2019-05-09,Kolkata,Banglore,09:25:00,18:30:00,545,1.0,No Info,8891
Multiple Carriers,2019-06-27,Delhi,Cochin,07:10:00,16:10:00,540,1.0,In-flight meal not included,6093
Spicejet,2019-03-24,Mumbai,Hyderabad,05:45:00,07:05:00,80,0.0,No check-in baggage included,2175
Indigo,2019-03-18,Chennai,Kolkata,22:05:00,00:25:00,140,0.0,No Info,5277
Multiple Carriers,2019-05-27,Delhi,Cochin,17:30:00,01:30:00,480,1.0,No Info,13377
Jet Airways,2019-06-15,Delhi,Cochin,19:15:00,12:35:00,1040,1.0,In-flight meal not included,10262
Air India,2019-03-24,Kolkata,Banglore,07:00:00,10:00:00,1620,2.0,No Info,11491
Jet Airways,2019-04-01,Kolkata,Banglore,20:00:00,16:20:00,1220,1.0,In-flight meal not included,7064
Jet Airways,2019-05-21,Kolkata,Banglore,20:25:00,19:10:00,1365,1.0,No Info,13067
Indigo,2019-03-21,Mumbai,Hyderabad,06:20:00,07:45:00,85,0.0,No Info,4049
Indigo,2019-06-21,Banglore,Delhi,23:30:00,02:20:00,170,0.0,No Info,4077
Air India,2019-05-06,Mumbai,Hyderabad,06:20:00,07:40:00,80,0.0,No Info,3625
Jet Airways,2019-03-01,Banglore,New Delhi,16:55:00,07:40:00,885,1.0,1 Long layover,26890
Spicejet,2019-06-12,Kolkata,Banglore,11:35:00,18:50:00,435,1.0,No Info,8479
Jet Airways,2019-06-12,Kolkata,Banglore,08:25:00,16:20:00,475,1.0,In-flight meal not included,9899
Spicejet,2019-06-03,Kolkata,Banglore,17:10:00,19:40:00,150,0.0,No Info,3873
Jet Airways,2019-06-01,Mumbai,Hyderabad,19:35:00,21:05:00,90,0.0,In-flight meal not included,3210
Spicejet,2019-05-18,Chennai,Kolkata,08:20:00,10:35:00,135,0.0,No Info,3597
Jet Airways,2019-06-09,Kolkata,Banglore,20:00:00,16:20:00,1220,1.0,No Info,14571
Indigo,2019-05-21,Delhi,Cochin,21:50:00,03:35:00,345,1.0,No Info,7189
Air India,2019-06-06,Kolkata,Banglore,08:20:00,07:55:00,1415,2.0,No Info,10697
Indigo,2019-06-09,Kolkata,Banglore,15:15:00,17:45:00,150,0.0,No Info,5224
Indigo,2019-05-09,Delhi,Cochin,07:35:00,12:10:00,275,1.0,No Info,5054
Multiple Carriers,2019-06-01,Delhi,Cochin,13:00:00,01:30:00,750,1.0,No Info,13377
Indigo,2019-06-24,Delhi,Cochin,17:30:00,01:30:00,480,1.0,No Info,6104
Air India,2019-06-15,Delhi,Cochin,05:00:00,07:40:00,1600,2.0,No Info,10231
Spicejet,2019-05-24,Kolkata,Banglore,06:55:00,09:30:00,155,0.0,No check-in baggage included,3841
Vistara,2019-05-24,Kolkata,Banglore,20:20:00,22:40:00,1580,1.0,No Info,8452
Air India,2019-06-27,Mumbai,Hyderabad,13:55:00,15:25:00,90,0.0,No Info,3100
Multiple Carriers,2019-06-27,Delhi,Cochin,11:40:00,21:00:00,560,1.0,In-flight meal not included,6007
Indigo,2019-06-06,Kolkata,Banglore,09:35:00,12:10:00,155,0.0,No Info,4804
Indigo,2019-05-27,Kolkata,Banglore,14:25:00,16:55:00,150,0.0,No Info,5224
Vistara,2019-03-03,Banglore,New Delhi,21:10:00,00:05:00,175,0.0,No Info,7608
Jet Airways,2019-06-09,Kolkata,Banglore,20:25:00,21:05:00,1480,1.0,In-flight meal not included,10539
Indigo,2019-05-21,Delhi,Cochin,08:30:00,21:00:00,750,1.0,No Info,7318
Jet Airways,2019-03-15,Mumbai,Hyderabad,15:50:00,17:20:00,90,0.0,No Info,5678
Vistara,2019-03-24,Kolkata,Banglore,09:55:00,18:45:00,530,1.0,No Info,16092
Jet Airways,2019-05-12,Kolkata,Banglore,08:25:00,08:15:00,1430,1.0,No Info,13941
Spicejet,2019-05-27,Kolkata,Banglore,22:20:00,00:40:00,140,0.0,No Info,3873
Jet Airways,2019-06-06,Kolkata,Banglore,21:10:00,08:15:00,665,1.0,In-flight meal not included,10844
Jet Airways,2019-06-03,Mumbai,Hyderabad,10:20:00,11:50:00,90,0.0,In-flight meal not included,4995
Spicejet,2019-03-15,Banglore,New Delhi,15:35:00,23:40:00,485,1.0,No Info,5822
Multiple Carriers,2019-06-24,Delhi,Cochin,09:15:00,19:15:00,600,1.0,No Info,8099
Jet Airways,2019-06-12,Delhi,Cochin,05:30:00,19:00:00,810,2.0,No Info,13014
Multiple Carriers,2019-05-21,Delhi,Cochin,07:10:00,18:10:00,660,1.0,No Info,7038
Indigo,2019-03-27,Delhi,Cochin,07:35:00,16:10:00,515,1.0,No Info,6442
Multiple Carriers,2019-06-01,Delhi,Cochin,16:00:00,01:30:00,570,1.0,No Info,13377
Air India,2019-05-09,Mumbai,Hyderabad,21:05:00,22:25:00,80,0.0,No Info,3100
Air India,2019-05-21,Kolkata,Banglore,09:25:00,05:25:00,1200,2.0,No Info,14687
Air India,2019-06-27,Delhi,Cochin,07:05:00,09:25:00,1580,2.0,No Info,10975
Indigo,2019-06-18,Mumbai,Hyderabad,21:20:00,22:50:00,90,0.0,No Info,2227
Jet Airways,2019-06-12,Banglore,Delhi,19:50:00,22:50:00,180,0.0,In-flight meal not included,5769
Jet Airways,2019-05-24,Kolkata,Banglore,18:55:00,12:00:00,1025,1.0,In-flight meal not included,10844
Jet Airways,2019-06-27,Delhi,Cochin,08:10:00,12:35:00,1705,2.0,No Info,14300
Spicejet,2019-04-03,Kolkata,Banglore,09:00:00,11:25:00,145,0.0,No Info,3873
Jet Airways,2019-06-27,Banglore,Delhi,18:55:00,22:00:00,185,0.0,In-flight meal not included,7229
Jet Airways,2019-03-15,Banglore,New Delhi,05:45:00,16:10:00,625,1.0,In-flight meal not included,9134
Indigo,2019-04-27,Banglore,Delhi,00:30:00,03:25:00,175,0.0,No Info,4591
Jet Airways,2019-03-03,Delhi,Cochin,11:30:00,04:25:00,1015,1.0,No Info,19828
Indigo,2019-06-01,Banglore,Delhi,10:30:00,13:20:00,170,0.0,No Info,3943
Air India,2019-05-15,Delhi,Cochin,09:45:00,09:25:00,1420,1.0,No Info,7480
Multiple Carriers,2019-03-21,Delhi,Cochin,17:30:00,01:35:00,485,1.0,No Info,13542
Spicejet,2019-05-06,Chennai,Kolkata,17:45:00,20:05:00,140,0.0,No check-in baggage included,3543
Jet Airways,2019-06-24,Delhi,Cochin,19:15:00,19:00:00,1425,1.0,In-flight meal not included,10262
Multiple Carriers,2019-05-21,Delhi,Cochin,19:00:00,01:30:00,390,1.0,No Info,7888
Goair,2019-04-01,Banglore,Delhi,20:55:00,23:40:00,165,0.0,No Info,4239
Indigo,2019-06-12,Kolkata,Banglore,09:20:00,14:15:00,295,1.0,No Info,11160
Indigo,2019-05-24,Banglore,Delhi,13:00:00,15:50:00,170,0.0,No Info,4990
Jet Airways,2019-03-03,Banglore,New Delhi,08:00:00,07:40:00,1420,1.0,In-flight meal not included,13502
Multiple Carriers,2019-04-09,Delhi,Cochin,06:00:00,13:20:00,440,1.0,No Info,8323
Jet Airways,2019-05-18,Delhi,Cochin,13:25:00,04:25:00,900,2.0,No Info,16704
Indigo,2019-03-15,Banglore,New Delhi,16:15:00,20:35:00,260,1.0,No Info,5607
Jet Airways,2019-05-12,Kolkata,Banglore,21:10:00,18:15:00,1265,1.0,In-flight meal not included,10844
Indigo,2019-04-01,Mumbai,Hyderabad,09:10:00,10:40:00,90,0.0,No Info,3342
Jet Airways,2019-03-06,Delhi,Cochin,17:30:00,19:45:00,1575,1.0,No Info,17024
Indigo,2019-03-06,Mumbai,Hyderabad,06:20:00,07:45:00,85,0.0,No Info,4784
Indigo,2019-03-03,Delhi,Cochin,04:45:00,15:30:00,645,1.0,No Info,14871
Indigo,2019-04-03,Banglore,Delhi,01:30:00,04:15:00,165,0.0,No Info,3419
Air Asia,2019-05-27,Delhi,Cochin,07:55:00,13:25:00,330,1.0,No Info,6451
Indigo,2019-06-15,Delhi,Cochin,06:50:00,12:10:00,320,1.0,No Info,5298
Goair,2019-04-12,Banglore,Delhi,07:45:00,10:40:00,175,0.0,No Info,6722
Indigo,2019-06-06,Chennai,Kolkata,19:35:00,21:55:00,140,0.0,No Info,3597
Multiple Carriers,2019-06-27,Delhi,Cochin,10:00:00,01:30:00,930,1.0,No Info,7198
Jet Airways,2019-06-15,Delhi,Cochin,05:30:00,19:00:00,810,2.0,No Info,13292
Indigo,2019-03-21,Delhi,Cochin,06:40:00,13:20:00,400,1.0,No Info,10208
Jet Airways,2019-06-15,Delhi,Cochin,14:35:00,04:25:00,830,2.0,In-flight meal not included,10919
Air India,2019-03-18,Delhi,Cochin,05:10:00,08:00:00,170,0.0,No Info,5674
Air India,2019-03-12,Mumbai,Hyderabad,21:05:00,22:25:00,80,0.0,No Info,4307
Vistara,2019-04-27,Banglore,Delhi,21:00:00,23:50:00,170,0.0,No Info,5403
Jet Airways,2019-05-21,Kolkata,Banglore,21:10:00,09:20:00,730,1.0,In-flight meal not included,10844
Air Asia,2019-06-09,Kolkata,Banglore,06:50:00,10:30:00,220,1.0,No Info,6857
Jet Airways,2019-06-06,Kolkata,Banglore,20:00:00,12:00:00,960,1.0,In-flight meal not included,10844
Indigo,2019-05-15,Delhi,Cochin,23:30:00,04:35:00,305,1.0,No Info,10123
Spicejet,2019-03-03,Chennai,Kolkata,17:45:00,20:05:00,140,0.0,No Info,7298
Jet Airways,2019-06-06,Delhi,Cochin,18:25:00,04:25:00,600,2.0,No Info,14237
Jet Airways,2019-05-18,Banglore,Delhi,19:50:00,22:50:00,180,0.0,In-flight meal not included,5198
Air India,2019-05-27,Delhi,Cochin,13:15:00,09:25:00,1210,2.0,No Info,10467
Indigo,2019-06-03,Banglore,Delhi,04:00:00,06:50:00,170,0.0,No Info,3943
Multiple Carriers,2019-06-06,Delhi,Cochin,07:05:00,22:30:00,925,1.0,No Info,9646
Vistara,2019-03-15,Banglore,New Delhi,07:00:00,09:40:00,160,0.0,No Info,6138
Multiple Carriers,2019-06-06,Delhi,Cochin,06:40:00,19:15:00,755,1.0,No Info,7354
Indigo,2019-03-27,Kolkata,Banglore,22:10:00,00:55:00,165,0.0,No Info,4148
Jet Airways,2019-04-01,Kolkata,Banglore,20:25:00,10:55:00,870,1.0,No Info,11467
Air India,2019-05-21,Kolkata,Banglore,08:20:00,18:30:00,610,2.0,No Info,10697
Air India,2019-03-06,Banglore,New Delhi,08:50:00,16:30:00,1900,2.0,No Info,14143
Jet Airways,2019-03-21,Delhi,Cochin,10:45:00,18:50:00,1925,2.0,No Info,11093
Jet Airways,2019-06-21,Mumbai,Hyderabad,10:20:00,11:50:00,90,0.0,No Info,8040
Indigo,2019-05-09,Delhi,Cochin,08:35:00,22:30:00,835,1.0,No Info,6734
Jet Airways,2019-06-15,Delhi,Cochin,09:25:00,12:35:00,1630,2.0,No Info,13882
Indigo,2019-06-24,Mumbai,Hyderabad,01:40:00,03:10:00,90,0.0,No Info,2754
Indigo,2019-06-03,Delhi,Cochin,10:35:00,21:00:00,625,1.0,No Info,6093
Goair,2019-04-18,Banglore,Delhi,11:40:00,14:30:00,170,0.0,No Info,4937
Indigo,2019-03-09,Banglore,New Delhi,17:55:00,22:55:00,300,1.0,No Info,6351
Indigo,2019-04-06,Kolkata,Banglore,17:15:00,19:50:00,155,0.0,No Info,4174
Air India,2019-05-27,Delhi,Cochin,10:00:00,19:15:00,555,1.0,No Info,12029
Jet Airways,2019-03-21,Delhi,Cochin,19:45:00,04:25:00,520,1.0,No Info,12557
Jet Airways,2019-05-09,Kolkata,Banglore,10:20:00,17:35:00,435,1.0,No Info,8355
Jet Airways,2019-06-09,Kolkata,Banglore,17:00:00,14:25:00,1285,1.0,No Info,14151
Jet Airways,2019-03-06,Banglore,New Delhi,20:35:00,10:25:00,830,1.0,No Info,17261
Indigo,2019-06-15,Mumbai,Hyderabad,16:55:00,18:25:00,90,0.0,No Info,3175
Jet Airways,2019-04-12,Banglore,Delhi,11:10:00,14:05:00,175,0.0,No Info,7229
Indigo,2019-05-21,Delhi,Cochin,16:00:00,21:00:00,300,1.0,No Info,7255
Jet Airways,2019-03-09,Banglore,New Delhi,21:25:00,07:40:00,615,1.0,In-flight meal not included,7832
Jet Airways,2019-06-12,Kolkata,Banglore,06:30:00,12:00:00,330,1.0,In-flight meal not included,9899
Jet Airways,2019-06-24,Delhi,Cochin,18:20:00,04:25:00,605,2.0,No Info,13775
Jet Airways,2019-04-06,Delhi,Cochin,07:05:00,19:00:00,715,1.0,In-flight meal not included,5406
Multiple Carriers,2019-05-09,Delhi,Cochin,07:30:00,21:00:00,810,1.0,No Info,7670
Jet Airways,2019-03-15,Banglore,New Delhi,08:00:00,16:10:00,490,1.0,In-flight meal not included,9134
Indigo,2019-06-27,Mumbai,Hyderabad,02:35:00,04:05:00,90,0.0,No Info,2754
Air India,2019-03-24,Kolkata,Banglore,07:00:00,13:45:00,1845,2.0,No Info,12829
Multiple Carriers,2019-06-24,Delhi,Cochin,17:45:00,01:30:00,465,1.0,In-flight meal not included,5797
Air India,2019-03-27,Delhi,Cochin,13:00:00,19:15:00,375,1.0,No Info,6902
Jet Airways,2019-04-27,Banglore,Delhi,19:50:00,22:50:00,180,0.0,No Info,7229
Indigo,2019-06-24,Delhi,Cochin,17:10:00,01:30:00,500,1.0,No Info,5684
Air India,2019-05-24,Kolkata,Banglore,07:00:00,01:20:00,1100,2.0,No Info,13873
Jet Airways,2019-05-27,Delhi,Cochin,02:15:00,12:35:00,620,1.0,No Info,16376
Jet Airways,2019-03-27,Delhi,Cochin,15:05:00,04:25:00,800,1.0,In-flight meal not included,6017
Indigo,2019-06-09,Delhi,Cochin,20:25:00,01:30:00,305,1.0,No Info,5458
Indigo,2019-03-27,Mumbai,Hyderabad,12:00:00,13:25:00,85,0.0,No Info,2754
Goair,2019-05-15,Delhi,Cochin,14:25:00,19:35:00,310,1.0,No Info,10188
Vistara,2019-06-09,Kolkata,Banglore,07:10:00,10:45:00,1655,1.0,No Info,9397
Jet Airways,2019-03-06,Banglore,New Delhi,22:50:00,09:30:00,640,1.0,No Info,17261
Jet Airways,2019-06-21,Banglore,Delhi,17:45:00,20:45:00,180,0.0,In-flight meal not included,7754
Air India,2019-05-27,Delhi,Cochin,17:40:00,23:00:00,320,1.0,No Info,7174
Air India,2019-05-18,Kolkata,Banglore,08:20:00,07:55:00,1415,2.0,No Info,10697
Indigo,2019-05-09,Banglore,Delhi,18:55:00,21:50:00,175,0.0,No Info,4823
Air India,2019-03-03,Banglore,New Delhi,11:05:00,22:10:00,2105,2.0,No Info,11791
Jet Airways,2019-06-06,Delhi,Cochin,05:30:00,12:35:00,425,2.0,In-flight meal not included,13344
Air India,2019-06-18,Delhi,Cochin,14:05:00,17:55:00,230,0.0,No Info,5201
Jet Airways,2019-06-03,Delhi,Cochin,20:00:00,04:25:00,505,2.0,In-flight meal not included,15318
Jet Airways,2019-06-03,Delhi,Cochin,10:00:00,19:00:00,540,1.0,In-flight meal not included,10262
Jet Airways,2019-06-12,Delhi,Cochin,19:15:00,12:35:00,1040,1.0,In-flight meal not included,10262
Multiple Carriers,2019-05-27,Delhi,Cochin,13:00:00,19:15:00,375,1.0,No Info,15898
Jet Airways,2019-06-01,Delhi,Cochin,19:15:00,19:00:00,1425,1.0,In-flight meal not included,10262
Multiple Carriers,2019-05-09,Delhi,Cochin,11:25:00,19:15:00,470,1.0,No Info,7575
Multiple Carriers,2019-03-27,Delhi,Cochin,17:00:00,01:35:00,515,1.0,No Info,6673
Multiple Carriers,2019-06-12,Delhi,Cochin,07:10:00,22:30:00,920,1.0,No Info,6513
Multiple Carriers,2019-06-03,Delhi,Cochin,06:00:00,12:35:00,395,1.0,No Info,13259
Jet Airways,2019-04-01,Kolkata,Banglore,16:30:00,19:50:00,1640,1.0,No Info,12681
Jet Airways,2019-06-06,Delhi,Cochin,02:15:00,04:25:00,1570,1.0,In-flight meal not included,10262
Air India,2019-05-09,Kolkata,Banglore,10:00:00,01:20:00,920,2.0,No Info,13033
Jet Airways,2019-05-01,Kolkata,Banglore,21:10:00,04:40:00,450,1.0,In-flight meal not included,10844
Indigo,2019-03-24,Kolkata,Banglore,09:35:00,12:20:00,165,0.0,No Info,6038
Jet Airways,2019-03-27,Delhi,Cochin,19:10:00,19:45:00,1475,2.0,No Info,9483
Spicejet,2019-05-12,Kolkata,Banglore,11:35:00,18:50:00,435,1.0,No Info,8479
Indigo,2019-06-01,Banglore,Delhi,18:55:00,21:50:00,175,0.0,No Info,4823
Goair,2019-05-21,Delhi,Cochin,07:00:00,12:55:00,355,1.0,No Info,6633
Jet Airways,2019-06-09,Kolkata,Banglore,17:00:00,22:05:00,1745,1.0,In-flight meal not included,10539
Jet Airways,2019-04-27,Banglore,Delhi,17:45:00,20:45:00,180,0.0,In-flight meal not included,4544
Jet Airways,2019-05-09,Delhi,Cochin,19:10:00,19:00:00,1430,2.0,No Info,15129
Jet Airways,2019-06-27,Delhi,Cochin,05:30:00,19:00:00,810,2.0,In-flight meal not included,11507
Indigo,2019-06-09,Banglore,Delhi,18:55:00,21:50:00,175,0.0,No Info,4823
Spicejet,2019-06-21,Kolkata,Banglore,17:10:00,19:40:00,150,0.0,No check-in baggage included,3841
Jet Airways,2019-03-27,Delhi,Cochin,05:10:00,18:50:00,820,2.0,In-flight meal not included,8518
Air India,2019-04-24,Delhi,Cochin,05:10:00,08:00:00,170,0.0,No Info,5201
Indigo,2019-06-03,Banglore,Delhi,00:25:00,03:15:00,170,0.0,No Info,3943
Jet Airways,2019-03-15,Mumbai,Hyderabad,10:20:00,11:50:00,90,0.0,No Info,8040
Jet Airways,2019-06-09,Delhi,Cochin,19:15:00,04:25:00,550,1.0,In-flight meal not included,10577
Indigo,2019-04-15,Delhi,Cochin,05:05:00,16:10:00,665,1.0,No Info,6171
Indigo,2019-05-21,Chennai,Kolkata,19:35:00,21:55:00,140,0.0,No Info,3597
Jet Airways,2019-05-15,Kolkata,Banglore,09:35:00,18:00:00,505,1.0,In-flight meal not included,12384
Air India,2019-05-15,Kolkata,Banglore,09:25:00,21:50:00,745,1.0,No Info,8366
Indigo,2019-05-18,Delhi,Cochin,14:25:00,17:40:00,195,0.0,No Info,6015
Jet Airways,2019-06-01,Banglore,Delhi,11:10:00,14:05:00,175,0.0,In-flight meal not included,7229
Multiple Carriers,2019-05-01,Delhi,Cochin,09:00:00,19:15:00,615,1.0,No Info,15373
Air Asia,2019-05-01,Kolkata,Banglore,22:40:00,10:40:00,720,1.0,No Info,5192
Multiple Carriers,2019-06-03,Delhi,Cochin,09:00:00,21:00:00,720,1.0,No Info,8930
Indigo,2019-06-27,Delhi,Cochin,17:10:00,01:30:00,500,1.0,No Info,5684
Indigo,2019-05-24,Kolkata,Banglore,20:20:00,22:55:00,155,0.0,No Info,4804
Spicejet,2019-06-27,Chennai,Kolkata,08:20:00,10:35:00,135,0.0,No Info,3597
Jet Airways,2019-03-09,Delhi,Cochin,17:25:00,18:50:00,1525,1.0,In-flight meal not included,14053
Jet Airways,2019-06-24,Delhi,Cochin,15:00:00,12:35:00,1295,1.0,In-flight meal not included,10262
Spicejet,2019-03-01,Chennai,Kolkata,08:20:00,10:35:00,135,0.0,No Info,7298
Spicejet,2019-06-12,Banglore,Delhi,09:30:00,12:20:00,170,0.0,No Info,4423
Multiple Carriers,2019-05-09,Delhi,Cochin,07:30:00,19:15:00,705,1.0,No Info,8266
Jet Airways,2019-05-15,Kolkata,Banglore,06:30:00,19:50:00,800,1.0,No Info,14781
Multiple Carriers,2019-06-03,Delhi,Cochin,14:55:00,22:30:00,455,1.0,No Info,7038
Jet Airways,2019-04-27,Banglore,Delhi,19:50:00,22:50:00,180,0.0,In-flight meal not included,4544
Indigo,2019-03-15,Banglore,New Delhi,04:00:00,06:50:00,170,0.0,No Info,5694
Air India,2019-05-01,Kolkata,Banglore,17:30:00,13:45:00,1215,2.0,No Info,15164
Air India,2019-05-24,Kolkata,Banglore,09:10:00,11:05:00,1555,2.0,No Info,6117
Vistara,2019-05-21,Banglore,Delhi,09:45:00,12:35:00,170,0.0,No Info,4668
Jet Airways,2019-05-09,Delhi,Cochin,14:00:00,04:25:00,865,1.0,In-flight meal not included,12373
Jet Airways,2019-06-12,Kolkata,Banglore,14:05:00,20:45:00,400,1.0,In-flight meal not included,9899
Air India,2019-05-12,Kolkata,Banglore,12:00:00,18:30:00,1830,2.0,No Info,10676
Air India,2019-03-09,Delhi,Cochin,06:10:00,23:00:00,1010,1.0,No Info,9064
Indigo,2019-05-18,Mumbai,Hyderabad,16:55:00,18:25:00,90,0.0,No Info,3838
Jet Airways,2019-06-15,Delhi,Cochin,12:15:00,12:35:00,1460,2.0,No Info,14300
Multiple Carriers,2019-03-03,Delhi,Cochin,13:00:00,21:00:00,480,1.0,No Info,18286
Jet Airways,2019-05-18,Delhi,Cochin,07:05:00,12:35:00,330,1.0,In-flight meal not included,12373
Jet Airways,2019-03-12,Banglore,New Delhi,05:45:00,21:20:00,935,1.0,No Info,13817
Air India,2019-06-03,Delhi,Cochin,03:50:00,19:15:00,925,1.0,No Info,8669
Indigo,2019-04-24,Delhi,Cochin,02:00:00,07:45:00,345,1.0,No Info,5241
Jet Airways,2019-06-15,Delhi,Cochin,17:30:00,04:25:00,655,1.0,In-flight meal not included,10262
Jet Airways,2019-05-09,Delhi,Cochin,19:30:00,04:25:00,535,2.0,No Info,15129
Air India,2019-04-01,Kolkata,Banglore,07:00:00,05:25:00,1345,2.0,No Info,12219
Air India,2019-03-03,Delhi,Cochin,09:45:00,09:25:00,1420,1.0,No Info,24017
Indigo,2019-06-18,Banglore,Delhi,18:25:00,21:20:00,175,0.0,No Info,4823
Jet Airways,2019-05-12,Kolkata,Banglore,18:55:00,10:05:00,910,1.0,In-flight meal not included,9663
Indigo,2019-06-03,Delhi,Cochin,23:30:00,04:35:00,305,1.0,No Info,11378
Multiple Carriers,2019-04-09,Delhi,Cochin,17:45:00,01:30:00,465,1.0,No Info,8535
Air India,2019-05-27,Delhi,Cochin,12:00:00,19:15:00,435,2.0,No Info,9653
Jet Airways,2019-06-12,Kolkata,Banglore,20:00:00,12:00:00,960,1.0,No Info,13044
Jet Airways,2019-05-15,Kolkata,Banglore,17:00:00,22:05:00,1745,1.0,No Info,14151
Jet Airways,2019-06-15,Banglore,Delhi,08:20:00,11:20:00,180,0.0,No Info,8016
Vistara,2019-06-24,Banglore,Delhi,21:00:00,23:50:00,170,0.0,No Info,4668
Multiple Carriers,2019-06-06,Delhi,Cochin,14:00:00,21:00:00,420,1.0,No Info,13587
Vistara,2019-03-03,Banglore,New Delhi,19:40:00,22:20:00,160,0.0,No Info,8553
Vistara,2019-05-21,Kolkata,Banglore,20:20:00,23:25:00,1625,1.0,No Info,9345
Jet Airways,2019-05-24,Kolkata,Banglore,09:35:00,22:05:00,750,1.0,No Info,14151
Jet Airways,2019-03-03,Delhi,Cochin,08:00:00,18:50:00,650,1.0,No Info,17024
Jet Airways,2019-05-12,Kolkata,Banglore,16:30:00,23:35:00,425,1.0,In-flight meal not included,10844
Jet Airways,2019-06-09,Kolkata,Banglore,06:30:00,23:35:00,1025,1.0,No Info,14571
Jet Airways,2019-03-06,Delhi,Cochin,09:00:00,18:50:00,590,1.0,In-flight meal not included,15400
Goair,2019-06-24,Banglore,Delhi,20:55:00,23:40:00,165,0.0,No Info,3419
Multiple Carriers,2019-05-15,Delhi,Cochin,07:10:00,22:30:00,920,1.0,No Info,6513
Multiple Carriers,2019-06-03,Delhi,Cochin,09:45:00,16:10:00,385,1.0,No Info,9646
Jet Airways,2019-05-06,Kolkata,Banglore,16:30:00,20:45:00,1695,1.0,In-flight meal not included,9663
Jet Airways,2019-05-09,Delhi,Cochin,20:55:00,19:00:00,1325,1.0,In-flight meal not included,12373
Air India,2019-06-09,Delhi,Cochin,20:40:00,09:25:00,765,1.0,No Info,7690
Jet Airways,2019-05-27,Delhi,Cochin,20:55:00,04:25:00,450,1.0,In-flight meal not included,12898
Jet Airways,2019-04-18,Delhi,Cochin,11:00:00,14:15:00,195,0.0,In-flight meal not included,5443
Multiple Carriers,2019-06-12,Delhi,Cochin,10:00:00,19:15:00,555,1.0,No Info,14848
Spicejet,2019-04-15,Kolkata,Banglore,17:10:00,19:40:00,150,0.0,No Info,4174
Indigo,2019-06-09,Kolkata,Banglore,09:35:00,12:20:00,165,0.0,No Info,4804
Air India,2019-05-18,Kolkata,Banglore,12:00:00,18:30:00,1830,2.0,No Info,10361
Air India,2019-05-01,Kolkata,Banglore,16:45:00,21:05:00,1700,1.0,No Info,7452
Jet Airways,2019-05-21,Delhi,Cochin,17:30:00,12:35:00,1145,1.0,In-flight meal not included,12898
Air India,2019-03-15,Banglore,New Delhi,13:20:00,16:10:00,170,0.0,No Info,7276
Air India,2019-03-18,Banglore,New Delhi,10:00:00,12:45:00,165,0.0,No Info,4441
Vistara,2019-06-06,Kolkata,Banglore,17:00:00,18:50:00,1550,1.0,No Info,8820
Indigo,2019-04-12,Banglore,Delhi,07:10:00,10:05:00,175,0.0,No Info,4823
Air Asia,2019-06-06,Kolkata,Banglore,10:20:00,12:55:00,155,0.0,No Info,4508
Jet Airways,2019-03-06,Banglore,New Delhi,20:35:00,19:10:00,1355,1.0,No Info,17471
Air India,2019-03-15,Banglore,New Delhi,10:30:00,22:55:00,745,1.0,No Info,6383
Indigo,2019-03-24,Banglore,New Delhi,07:10:00,10:05:00,175,0.0,No Info,6144
Indigo,2019-05-15,Delhi,Cochin,09:15:00,01:30:00,975,1.0,No Info,7503
Air India,2019-03-12,Banglore,New Delhi,08:50:00,23:15:00,865,1.0,No Info,12127
Air India,2019-03-15,Banglore,New Delhi,05:50:00,22:10:00,980,2.0,No Info,10111
Jet Airways,2019-05-15,Kolkata,Banglore,18:55:00,22:35:00,1660,1.0,In-flight meal not included,10844
Indigo,2019-04-01,Banglore,Delhi,16:55:00,19:55:00,180,0.0,No Info,4823
Indigo,2019-06-03,Banglore,Delhi,16:55:00,19:55:00,180,0.0,No Info,4823
Multiple Carriers,2019-06-03,Delhi,Cochin,09:45:00,22:30:00,765,1.0,No Info,9646
Indigo,2019-04-24,Delhi,Cochin,06:50:00,12:10:00,320,1.0,No Info,5298
Air Asia,2019-05-21,Banglore,Delhi,04:55:00,07:45:00,170,0.0,No Info,3383
Air India,2019-03-21,Banglore,New Delhi,10:30:00,22:55:00,745,1.0,No Info,6383
Indigo,2019-05-09,Delhi,Cochin,05:10:00,10:05:00,295,1.0,No Info,6496
Air India,2019-03-01,Banglore,New Delhi,22:00:00,23:20:00,1520,1.0,Change airports,14305
Indigo,2019-06-01,Delhi,Cochin,18:35:00,01:30:00,415,1.0,No Info,6628
Indigo,2019-04-21,Banglore,Delhi,01:30:00,04:15:00,165,0.0,No Info,4591
Air India,2019-05-06,Kolkata,Banglore,10:00:00,10:00:00,1440,2.0,No Info,14298
Air India,2019-06-21,Delhi,Cochin,14:10:00,17:10:00,180,0.0,No Info,5201
Jet Airways,2019-06-03,Delhi,Cochin,15:00:00,19:00:00,1680,1.0,No Info,14714
Multiple Carriers,2019-05-15,Delhi,Cochin,17:00:00,01:30:00,510,1.0,No Info,8073
Jet Airways,2019-04-21,Delhi,Cochin,11:00:00,14:15:00,195,0.0,In-flight meal not included,7202
Jet Airways,2019-06-24,Delhi,Cochin,14:00:00,19:00:00,300,1.0,In-flight meal not included,10262
Indigo,2019-04-15,Kolkata,Banglore,15:30:00,18:05:00,155,0.0,No Info,4174
Indigo,2019-04-12,Banglore,Delhi,01:30:00,04:15:00,165,0.0,No Info,4591
Jet Airways,2019-03-24,Kolkata,Banglore,19:45:00,04:45:00,540,1.0,No Info,13759
Air India,2019-06-12,Delhi,Cochin,18:30:00,19:15:00,1485,2.0,No Info,12488
Indigo,2019-06-12,Banglore,Delhi,10:10:00,13:00:00,170,0.0,No Info,3943
Spicejet,2019-05-09,Banglore,Delhi,09:30:00,12:20:00,170,0.0,No check-in baggage included,4885
Air India,2019-06-03,Delhi,Cochin,13:15:00,09:25:00,1210,2.0,No Info,10467
Jet Airways,2019-03-24,Kolkata,Banglore,19:45:00,09:15:00,810,1.0,In-flight meal not included,11134
Air Asia,2019-03-03,Delhi,Cochin,16:45:00,07:10:00,865,1.0,No Info,13474
Spicejet,2019-03-24,Kolkata,Banglore,11:15:00,18:15:00,420,1.0,No Info,12287
Jet Airways,2019-06-15,Delhi,Cochin,02:15:00,12:35:00,620,1.0,No Info,18371
Indigo,2019-03-06,Kolkata,Banglore,22:10:00,00:55:00,165,0.0,No Info,4778
Jet Airways,2019-05-12,Banglore,Delhi,06:00:00,08:45:00,165,0.0,No Info,7229
Goair,2019-03-06,Delhi,Cochin,06:00:00,13:20:00,440,1.0,No Info,6393
Jet Airways,2019-05-09,Kolkata,Banglore,21:10:00,08:15:00,665,1.0,No Info,14388
Jet Airways,2019-06-06,Delhi,Cochin,21:50:00,04:25:00,395,1.0,In-flight meal not included,10262
Jet Airways,2019-04-03,Mumbai,Hyderabad,02:55:00,04:20:00,85,0.0,No Info,5678
Jet Airways,2019-04-21,Banglore,Delhi,08:20:00,11:20:00,180,0.0,In-flight meal not included,5198
Air India,2019-03-15,Banglore,New Delhi,05:50:00,16:20:00,630,2.0,No Info,7664
Spicejet,2019-03-15,Mumbai,Hyderabad,22:45:00,00:10:00,85,0.0,No Info,2753
Jet Airways,2019-03-06,Delhi,Cochin,17:55:00,04:25:00,2070,2.0,No Info,17072
Indigo,2019-03-01,Banglore,New Delhi,18:25:00,21:20:00,175,0.0,No Info,12649
Goair,2019-06-27,Delhi,Cochin,14:25:00,19:35:00,310,1.0,No Info,7870
Air India,2019-06-09,Kolkata,Banglore,16:50:00,13:45:00,1255,2.0,No Info,11752
Jet Airways,2019-06-18,Banglore,Delhi,17:45:00,20:45:00,180,0.0,No Info,8016
Jet Airways,2019-03-21,Delhi,Cochin,08:00:00,18:50:00,650,1.0,No Info,12767
Jet Airways,2019-05-12,Kolkata,Banglore,06:30:00,04:40:00,1330,1.0,No Info,13941
Spicejet,2019-06-09,Chennai,Kolkata,08:20:00,10:35:00,135,0.0,No check-in baggage included,3543
Air Asia,2019-05-06,Kolkata,Banglore,07:35:00,23:30:00,955,1.0,No Info,5192
Jet Airways,2019-06-12,Delhi,Cochin,09:25:00,12:35:00,1630,2.0,No Info,13882
Multiple Carriers,2019-03-06,Delhi,Cochin,08:00:00,15:30:00,450,1.0,No Info,15078
Goair,2019-05-12,Banglore,Delhi,07:45:00,10:40:00,175,0.0,No Info,3898
Multiple Carriers,2019-06-15,Delhi,Cochin,13:00:00,01:30:00,750,1.0,No Info,7198
Jet Airways,2019-05-09,Kolkata,Banglore,20:00:00,18:15:00,1335,1.0,In-flight meal not included,7757
Air Asia,2019-04-15,Kolkata,Banglore,07:35:00,19:25:00,710,1.0,No Info,5192
Indigo,2019-06-01,Mumbai,Hyderabad,21:20:00,22:50:00,90,0.0,No Info,2227
Multiple Carriers,2019-05-27,Delhi,Cochin,08:30:00,19:00:00,630,1.0,No Info,9627
Multiple Carriers,2019-03-03,Delhi,Cochin,08:00:00,15:30:00,450,1.0,No Info,15078
Indigo,2019-05-27,Chennai,Kolkata,13:15:00,15:35:00,140,0.0,No Info,3597
Spicejet,2019-06-06,Kolkata,Banglore,22:20:00,00:40:00,140,0.0,No Info,3873
Multiple Carriers,2019-06-01,Delhi,Cochin,03:50:00,19:00:00,910,1.0,No Info,12192
Air India,2019-05-15,Kolkata,Banglore,05:50:00,12:30:00,1840,2.0,No Info,12723
Goair,2019-06-24,Delhi,Cochin,10:35:00,19:35:00,540,1.0,No Info,3876
Multiple Carriers,2019-06-27,Delhi,Cochin,11:30:00,01:30:00,840,1.0,No Info,13377
Air India,2019-05-01,Kolkata,Banglore,09:25:00,18:30:00,545,1.0,No Info,8891
Air Asia,2019-04-01,Kolkata,Banglore,06:50:00,10:30:00,220,1.0,No Info,5162
Jet Airways,2019-06-09,Delhi,Cochin,10:00:00,04:25:00,1105,1.0,In-flight meal not included,10262
Spicejet,2019-05-01,Chennai,Kolkata,17:45:00,20:05:00,140,0.0,No check-in baggage included,3543
Air India,2019-05-06,Chennai,Kolkata,11:40:00,13:55:00,135,0.0,No Info,4667
Multiple Carriers,2019-05-18,Delhi,Cochin,08:00:00,21:00:00,780,1.0,No Info,8073
Jet Airways,2019-04-09,Delhi,Cochin,05:30:00,19:00:00,810,2.0,No Info,10909
Goair,2019-06-24,Kolkata,Banglore,15:20:00,17:55:00,155,0.0,No Info,3514
Indigo,2019-05-01,Banglore,Delhi,06:05:00,08:50:00,165,0.0,No Info,4423
Jet Airways,2019-05-12,Kolkata,Banglore,17:00:00,23:35:00,395,1.0,No Info,14151
Jet Airways,2019-05-15,Banglore,Delhi,07:10:00,10:10:00,180,0.0,In-flight meal not included,5198
Air Asia,2019-06-06,Banglore,Delhi,11:10:00,13:55:00,165,0.0,No Info,4483
Jet Airways,2019-05-27,Delhi,Cochin,09:40:00,04:25:00,1125,2.0,No Info,15129
Air India,2019-03-27,Delhi,Cochin,10:00:00,19:15:00,555,1.0,No Info,6902
Indigo,2019-06-12,Delhi,Cochin,16:00:00,21:00:00,300,1.0,No Info,6069
Multiple Carriers,2019-03-06,Delhi,Cochin,09:10:00,18:50:00,580,1.0,No Info,15135
Air India,2019-06-01,Delhi,Cochin,14:10:00,17:10:00,180,0.0,No Info,6934
Vistara,2019-05-18,Delhi,Cochin,06:00:00,09:10:00,190,0.0,No Info,6741
Jet Airways,2019-06-09,Kolkata,Banglore,10:20:00,17:35:00,435,1.0,No Info,8355
Indigo,2019-05-21,Delhi,Cochin,11:55:00,18:10:00,375,1.0,No Info,6442
Spicejet,2019-03-12,Chennai,Kolkata,08:20:00,10:35:00,135,0.0,No Info,6300
Indigo,2019-03-03,Delhi,Cochin,21:05:00,00:20:00,195,0.0,No Info,7673
Indigo,2019-06-03,Kolkata,Banglore,14:25:00,16:55:00,150,0.0,No Info,5644
Indigo,2019-05-27,Banglore,Delhi,13:00:00,15:50:00,170,0.0,No Info,3943
Air Asia,2019-05-12,Kolkata,Banglore,06:50:00,10:30:00,220,1.0,No Info,5162
Air India,2019-05-12,Delhi,Cochin,18:05:00,21:10:00,185,0.0,No Info,6304
Jet Airways,2019-03-06,Banglore,New Delhi,20:35:00,07:40:00,665,1.0,No Info,16736
Multiple Carriers,2019-05-18,Delhi,Cochin,11:25:00,19:15:00,470,1.0,No Info,7997
Jet Airways,2019-05-21,Banglore,Delhi,06:00:00,08:45:00,165,0.0,No Info,7229
Air India,2019-05-06,Kolkata,Banglore,09:25:00,07:55:00,1350,1.0,No Info,8366
Vistara,2019-06-18,Banglore,Delhi,17:00:00,19:35:00,155,0.0,No Info,4878
Air India,2019-05-18,Kolkata,Banglore,08:20:00,11:10:00,1610,2.0,No Info,11222
Indigo,2019-03-03,Banglore,New Delhi,18:25:00,21:20:00,175,0.0,No Info,8855
Spicejet,2019-03-21,Mumbai,Hyderabad,13:10:00,14:30:00,80,0.0,No Info,3173
Indigo,2019-03-09,Chennai,Kolkata,11:35:00,14:00:00,145,0.0,No Info,6297
Indigo,2019-06-27,Delhi,Cochin,06:50:00,16:10:00,560,1.0,No Info,6442
Indigo,2019-05-24,Chennai,Kolkata,11:35:00,14:00:00,145,0.0,No Info,4332
Multiple Carriers,2019-06-27,Delhi,Cochin,13:00:00,19:15:00,375,1.0,No Info,14848
Indigo,2019-05-24,Chennai,Kolkata,22:05:00,00:25:00,140,0.0,No Info,5277
Air India,2019-03-09,Delhi,Cochin,05:00:00,19:15:00,2295,2.0,No Info,10598
Spicejet,2019-04-06,Kolkata,Banglore,17:10:00,19:40:00,150,0.0,No Info,3873
Spicejet,2019-05-24,Mumbai,Hyderabad,22:45:00,00:15:00,90,0.0,No check-in baggage included,1965
Jet Airways,2019-03-27,Delhi,Cochin,16:00:00,19:45:00,1665,1.0,No Info,12032
Jet Airways,2019-06-27,Delhi,Cochin,21:25:00,19:00:00,1295,2.0,In-flight meal not included,11507
Indigo,2019-05-15,Delhi,Cochin,05:10:00,10:05:00,295,1.0,No Info,6496
Indigo,2019-06-01,Banglore,Delhi,10:10:00,13:00:00,170,0.0,No Info,3943
Air India,2019-03-27,Delhi,Cochin,17:20:00,09:25:00,965,1.0,No Info,5117
Jet Airways,2019-05-09,Delhi,Cochin,20:55:00,04:25:00,450,1.0,No Info,15554
Multiple Carriers,2019-06-24,Delhi,Cochin,13:00:00,21:00:00,480,1.0,No Info,13587
Jet Airways,2019-03-12,Banglore,New Delhi,18:55:00,07:40:00,765,1.0,No Info,13817
Jet Airways,2019-05-21,Kolkata,Banglore,18:55:00,19:50:00,1495,1.0,In-flight meal not included,10844
Indigo,2019-05-21,Mumbai,Hyderabad,16:55:00,18:25:00,90,0.0,No Info,3175
Jet Airways,2019-05-27,Delhi,Cochin,19:30:00,12:35:00,1025,2.0,In-flight meal not included,13029
Multiple Carriers,2019-06-06,Delhi,Cochin,17:30:00,01:30:00,480,1.0,No Info,13377
Indigo,2019-05-03,Chennai,Kolkata,22:05:00,00:25:00,140,0.0,No Info,5277
Jet Airways,2019-05-06,Kolkata,Banglore,20:25:00,19:10:00,1365,1.0,No Info,13067
Multiple Carriers,2019-05-27,Delhi,Cochin,14:00:00,01:30:00,690,1.0,In-flight meal not included,6943
Indigo,2019-04-03,Banglore,Delhi,22:10:00,01:00:00,170,0.0,No Info,3943
Jet Airways,2019-06-15,Delhi,Cochin,13:00:00,19:00:00,360,1.0,No Info,14714
Indigo,2019-03-06,Kolkata,Banglore,17:15:00,19:55:00,160,0.0,No Info,5618
Jet Airways,2019-05-27,Delhi,Cochin,19:30:00,12:35:00,1025,2.0,No Info,15129
Jet Airways,2019-03-06,Delhi,Cochin,07:05:00,18:50:00,705,1.0,No Info,17234
Air Asia,2019-04-06,Kolkata,Banglore,19:55:00,22:25:00,150,0.0,No Info,3807
Indigo,2019-03-21,Delhi,Cochin,04:55:00,21:20:00,985,2.0,No Info,6223
Indigo,2019-06-06,Delhi,Cochin,02:00:00,07:45:00,345,1.0,No Info,6386
Jet Airways,2019-05-12,Kolkata,Banglore,21:10:00,12:00:00,890,1.0,In-flight meal not included,9663
Indigo,2019-05-15,Delhi,Cochin,07:35:00,22:30:00,895,1.0,No Info,6442
Multiple Carriers,2019-05-27,Delhi,Cochin,07:30:00,19:15:00,705,1.0,No Info,8837
Air India,2019-05-21,Kolkata,Banglore,10:00:00,20:25:00,625,1.0,No Info,11096
Jet Airways,2019-03-27,Delhi,Cochin,08:00:00,04:25:00,1225,1.0,No Info,12452
Goair,2019-05-21,Delhi,Cochin,07:25:00,13:20:00,355,1.0,No Info,5842
Air Asia,2019-05-21,Kolkata,Banglore,07:35:00,23:30:00,955,1.0,No Info,5192
Jet Airways,2019-06-12,Delhi,Cochin,13:00:00,12:35:00,1415,1.0,In-flight meal not included,10262
Multiple Carriers,2019-05-15,Delhi,Cochin,08:45:00,21:00:00,735,1.0,No Info,7670
Spicejet,2019-03-27,Chennai,Kolkata,17:45:00,20:05:00,140,0.0,No Info,3384
Air India,2019-06-09,Delhi,Cochin,05:15:00,06:50:00,1535,1.0,No Info,6587
Air India,2019-03-15,Banglore,New Delhi,08:50:00,15:15:00,385,1.0,No Info,8714
Indigo,2019-05-09,Delhi,Cochin,18:35:00,01:30:00,415,1.0,No Info,8542
Air India,2019-06-06,Delhi,Cochin,05:15:00,06:50:00,1535,1.0,No Info,6587
Indigo,2019-05-27,Kolkata,Banglore,11:30:00,14:05:00,155,0.0,No Info,5224
Jet Airways,2019-03-21,Delhi,Cochin,19:15:00,18:50:00,1415,1.0,No Info,12347
Jet Airways,2019-03-24,Kolkata,Banglore,13:55:00,04:45:00,890,1.0,In-flight meal not included,10661
Jet Airways,2019-06-09,Delhi,Cochin,20:55:00,19:00:00,1325,1.0,In-flight meal not included,10577
Multiple Carriers,2019-06-01,Delhi,Cochin,10:20:00,19:15:00,535,1.0,No Info,9526
Spicejet,2019-03-24,Banglore,New Delhi,05:45:00,08:35:00,170,0.0,No check-in baggage included,3527
Vistara,2019-05-12,Kolkata,Banglore,20:20:00,23:25:00,1625,1.0,No Info,8085
Multiple Carriers,2019-06-15,Delhi,Cochin,11:40:00,01:30:00,830,1.0,No Info,6795
Indigo,2019-06-15,Delhi,Cochin,15:10:00,20:00:00,290,1.0,No Info,6147
Air Asia,2019-05-09,Banglore,Delhi,04:55:00,07:45:00,170,0.0,No Info,4282
Jet Airways,2019-05-18,Delhi,Cochin,19:30:00,12:35:00,1025,2.0,No Info,13014
Air India,2019-06-06,Delhi,Cochin,10:55:00,19:15:00,500,2.0,No Info,11753
Air India,2019-06-18,Kolkata,Banglore,14:15:00,16:45:00,150,0.0,No Info,5510
Multiple Carriers,2019-06-01,Delhi,Cochin,11:30:00,21:00:00,570,1.0,No Info,13587
Jet Airways,2019-05-18,Kolkata,Banglore,05:45:00,18:15:00,750,1.0,No Info,14781
Air Asia,2019-05-18,Kolkata,Banglore,19:55:00,23:30:00,215,1.0,No Info,6857
Jet Airways,2019-06-12,Kolkata,Banglore,14:05:00,19:50:00,345,1.0,In-flight meal not included,9899
Air India,2019-05-18,Delhi,Cochin,10:00:00,19:15:00,555,1.0,No Info,8879
Indigo,2019-05-12,Banglore,Delhi,08:30:00,11:20:00,170,0.0,No Info,5740
Spicejet,2019-03-24,Kolkata,Banglore,06:55:00,09:35:00,160,0.0,No check-in baggage included,4781
Multiple Carriers,2019-05-21,Delhi,Cochin,11:30:00,19:15:00,465,1.0,No Info,14848
Jet Airways,2019-03-03,Delhi,Cochin,09:00:00,18:50:00,590,1.0,No Info,17024
Jet Airways,2019-06-18,Banglore,Delhi,07:10:00,10:10:00,180,0.0,No Info,8016
Jet Airways,2019-03-18,Banglore,New Delhi,08:55:00,15:15:00,380,1.0,No Info,12284
Air India,2019-06-06,Delhi,Cochin,10:00:00,19:15:00,555,1.0,No Info,9194
Jet Airways,2019-05-18,Mumbai,Hyderabad,07:05:00,08:30:00,85,0.0,In-flight meal not included,4050
Indigo,2019-04-06,Kolkata,Banglore,15:15:00,20:30:00,315,1.0,No Info,4268
Vistara,2019-06-09,Kolkata,Banglore,07:10:00,23:25:00,975,1.0,No Info,9345
Vistara,2019-05-15,Chennai,Kolkata,17:45:00,20:05:00,140,0.0,No Info,11982
Air India,2019-05-24,Kolkata,Banglore,10:00:00,01:20:00,920,2.0,No Info,14083
Air India,2019-06-01,Delhi,Cochin,06:50:00,07:40:00,1490,2.0,No Info,15481
Indigo,2019-03-21,Delhi,Cochin,06:40:00,21:20:00,880,2.0,No Info,6494
Multiple Carriers,2019-06-15,Delhi,Cochin,13:00:00,01:30:00,750,1.0,No Info,13377
Jet Airways,2019-05-27,Delhi,Cochin,02:15:00,12:35:00,620,1.0,In-flight meal not included,10152
Jet Airways,2019-05-01,Kolkata,Banglore,17:00:00,23:35:00,395,1.0,In-flight meal not included,12384
Jet Airways,2019-03-27,Delhi,Cochin,17:35:00,04:25:00,650,2.0,In-flight meal not included,9412
Jet Airways,2019-03-03,Delhi,Cochin,21:50:00,18:50:00,1260,1.0,No Info,17024
Multiple Carriers,2019-06-03,Delhi,Cochin,11:25:00,19:15:00,470,1.0,No Info,7354
Indigo,2019-05-18,Delhi,Cochin,16:00:00,01:30:00,570,1.0,No Info,7191
